{"cameraMode":{"drawMode":0,"name":"Shaded","section":"Shading Mode"},"sceneLighting":true,"audioPlay":false,"sceneViewState":{"showFog":true,"showMaterialUpdate":false,"showSkybox":true,"showFlares":true,"showImageEffects":true,"showParticleSystems":true},"in2DMode":false,"pivot":{"x":-0.5092185735702515,"y":1.2145836353302003,"z":-1.6853656768798829},"rotation":{"x":0.020102864131331445,"y":-0.9784871339797974,"z":0.16928352415561677,"w":0.11619800329208374},"size":10.708456993103028,"orthographic":false}